{"Loss": 558.5264747592945, "title": "DQN with Replay Buffer Loss", "_runtime": 4058, "_timestamp": 1618621288, "_step": 99911, "avgReward": 16.339999999999996, "epoch": 141}