{"Loss": 17.659843188240075, "title": "DQN with Replay Buffer Loss", "_runtime": 2664, "_timestamp": 1618631515, "_step": 38437, "avgReward": 4.05482428719174, "epoch": 53}